자치구,측정날짜,방문자수
Gwanak-gu,2023-04-09,20
Gangseo-gu,2023-04-09,29
Eunpyeong-gu,2023-04-09,15
Songpa-gu,2023-04-09,8
Seodaemun-gu,2023-04-09,2
Seocho-gu,2023-04-09,93
Mapo-gu,2023-04-09,11
Seongdong-gu,2023-04-09,12
Yangcheon-gu,2023-04-09,9
Gwangjin-gu,2023-04-09,84
Gangdong-gu,2023-04-09,21
Yongsan-gu,2023-04-09,1
Jongno-gu,2023-04-09,4
Jung-gu,2023-04-09,315
Gangbuk-gu,2023-04-09,9
Gangnam-gu,2023-04-09,135
Seoul_Grand_Park,2023-04-09,0
Yongsan-gu,2023-04-10,298
Jongno-gu,2023-04-10,3981
Gangseo-gu,2023-04-10,7681
Eunpyeong-gu,2023-04-10,2786
Songpa-gu,2023-04-10,2406
Seoul_Grand_Park,2023-04-10,5847
Gangbuk-gu,2023-04-10,2423
Mapo-gu,2023-04-10,1231
Gangdong-gu,2023-04-10,5461
Jung-gu,2023-04-10,29327
Gwangjin-gu,2023-04-10,7610
Gwanak-gu,2023-04-10,2248
Yangcheon-gu,2023-04-10,2644
Seongdong-gu,2023-04-10,1810
Gangnam-gu,2023-04-10,19403
Seocho-gu,2023-04-10,25398
Seodaemun-gu,2023-04-10,3229
Gwangjin-gu,2023-04-11,6944
Jung-gu,2023-04-11,25351
Gangnam-gu,2023-04-11,18998
Gangdong-gu,2023-04-11,4452
Gangbuk-gu,2023-04-11,1830
Seongdong-gu,2023-04-11,1167
Seocho-gu,2023-04-11,20045
Yongsan-gu,2023-04-11,251
Gwanak-gu,2023-04-11,1547
Seodaemun-gu,2023-04-11,2575
Songpa-gu,2023-04-11,1017
Seoul_Grand_Park,2023-04-11,2107
Eunpyeong-gu,2023-04-11,2098
Mapo-gu,2023-04-11,1050
Jongno-gu,2023-04-11,2187
Yangcheon-gu,2023-04-11,2119
Gangseo-gu,2023-04-11,6792
Gangnam-gu,2023-04-12,16476
Seodaemun-gu,2023-04-12,2182
Seongdong-gu,2023-04-12,1514
Songpa-gu,2023-04-12,1039
Gwanak-gu,2023-04-12,2159
Mapo-gu,2023-04-12,1175
Gwangjin-gu,2023-04-12,8611
Gangbuk-gu,2023-04-12,2567
Jung-gu,2023-04-12,31276
Seocho-gu,2023-04-12,18191
Gangdong-gu,2023-04-12,4743
Yongsan-gu,2023-04-12,276
Yangcheon-gu,2023-04-12,2929
Eunpyeong-gu,2023-04-12,2145
Jongno-gu,2023-04-12,3352
Seoul_Grand_Park,2023-04-12,4094
Gangseo-gu,2023-04-12,7042
Jongno-gu,2023-04-13,3862
Gwangjin-gu,2023-04-13,7530
Gangbuk-gu,2023-04-13,2071
Jung-gu,2023-04-13,26927
Gangdong-gu,2023-04-13,5229
Seocho-gu,2023-04-13,26586
Gangnam-gu,2023-04-13,23875
Seongdong-gu,2023-04-13,2013
Gwanak-gu,2023-04-13,2262
Yangcheon-gu,2023-04-13,2449
Seodaemun-gu,2023-04-13,3057
Eunpyeong-gu,2023-04-13,2688
Gangseo-gu,2023-04-13,8255
Yongsan-gu,2023-04-13,230
Songpa-gu,2023-04-13,1651
Seoul_Grand_Park,2023-04-13,6133
Mapo-gu,2023-04-13,1415
Mapo-gu,2023-04-14,1211
Jongno-gu,2023-04-14,3095
Seocho-gu,2023-04-14,19689
Eunpyeong-gu,2023-04-14,2287
Yongsan-gu,2023-04-14,314
Gangdong-gu,2023-04-14,4122
Gangnam-gu,2023-04-14,17631
Seoul_Grand_Park,2023-04-14,5731
Seodaemun-gu,2023-04-14,2559
Gwanak-gu,2023-04-14,2558
Songpa-gu,2023-04-14,1741
Gangseo-gu,2023-04-14,5998
Gangbuk-gu,2023-04-14,2303
Seongdong-gu,2023-04-14,2113
Jung-gu,2023-04-14,31499
Yangcheon-gu,2023-04-14,2635
Gwangjin-gu,2023-04-14,8065
Jongno-gu,2023-04-15,5242
Gwangjin-gu,2023-04-15,8620
Yongsan-gu,2023-04-15,390
Jung-gu,2023-04-15,38983
Seongdong-gu,2023-04-15,3389
Yangcheon-gu,2023-04-15,2627
Gwanak-gu,2023-04-15,3267
Gangbuk-gu,2023-04-15,2647
Seodaemun-gu,2023-04-15,2831
Mapo-gu,2023-04-15,2143
Songpa-gu,2023-04-15,2826
Seoul_Grand_Park,2023-04-15,8462
Gangseo-gu,2023-04-15,5783
Gangnam-gu,2023-04-15,23306
Eunpyeong-gu,2023-04-15,2679
Seocho-gu,2023-04-15,23805
Gangdong-gu,2023-04-15,4756
Gwangjin-gu,2023-04-16,6145
Gangnam-gu,2023-04-16,12273
Gangbuk-gu,2023-04-16,1845
Seoul_Grand_Park,2023-04-16,11749
Yangcheon-gu,2023-04-16,1441
Yongsan-gu,2023-04-16,340
Seodaemun-gu,2023-04-16,1818
Gangseo-gu,2023-04-16,3765
Eunpyeong-gu,2023-04-16,1548
Songpa-gu,2023-04-16,1857
Mapo-gu,2023-04-16,1487
Seongdong-gu,2023-04-16,2568
Gangdong-gu,2023-04-16,3609
Gwanak-gu,2023-04-16,2199
Jongno-gu,2023-04-16,3892
Seocho-gu,2023-04-16,11855
Jung-gu,2023-04-16,26056
Gangseo-gu,2023-04-17,5135
Eunpyeong-gu,2023-04-17,1899
Yongsan-gu,2023-04-17,159
Gwangjin-gu,2023-04-17,6473
Songpa-gu,2023-04-17,1597
Jung-gu,2023-04-17,20037
Mapo-gu,2023-04-17,1093
Gwanak-gu,2023-04-17,1832
Seocho-gu,2023-04-17,18709
Gangbuk-gu,2023-04-17,1884
Seodaemun-gu,2023-04-17,2613
Jongno-gu,2023-04-17,2288
Seongdong-gu,2023-04-17,1365
Yangcheon-gu,2023-04-17,2019
Gangdong-gu,2023-04-17,4287
Gangnam-gu,2023-04-17,16744
Seoul_Grand_Park,2023-04-17,3578
Yangcheon-gu,2023-04-18,2050
Songpa-gu,2023-04-18,1246
Gangseo-gu,2023-04-18,5923
Seoul_Grand_Park,2023-04-18,2551
Gwanak-gu,2023-04-18,1261
Gangdong-gu,2023-04-18,4372
Gangnam-gu,2023-04-18,18801
Gwangjin-gu,2023-04-18,5980
Jongno-gu,2023-04-18,2749
Seongdong-gu,2023-04-18,1145
Yongsan-gu,2023-04-18,185
Seocho-gu,2023-04-18,21149
Seodaemun-gu,2023-04-18,2864
Jung-gu,2023-04-18,22738
Eunpyeong-gu,2023-04-18,2119
Gangbuk-gu,2023-04-18,1816
Mapo-gu,2023-04-18,894
Yongsan-gu,2023-04-19,138
Jung-gu,2023-04-19,28276
Seoul_Grand_Park,2023-04-19,7617
Gwanak-gu,2023-04-19,1972
Gangdong-gu,2023-04-19,4373
Mapo-gu,2023-04-19,1036
Eunpyeong-gu,2023-04-19,2529
Songpa-gu,2023-04-19,2072
Gangseo-gu,2023-04-19,5423
Yangcheon-gu,2023-04-19,2788
Seodaemun-gu,2023-04-19,2892
Seocho-gu,2023-04-19,18729
Gangnam-gu,2023-04-19,16580
Seongdong-gu,2023-04-19,1926
Gwangjin-gu,2023-04-19,7792
Jongno-gu,2023-04-19,4286
Gangbuk-gu,2023-04-19,2659
Seoul_Grand_Park,2023-04-20,4960
Gangdong-gu,2023-04-20,5096
Gwanak-gu,2023-04-20,2222
Eunpyeong-gu,2023-04-20,2404
Gangseo-gu,2023-04-20,5643
Jung-gu,2023-04-20,28858
Yangcheon-gu,2023-04-20,2494
Mapo-gu,2023-04-20,1264
Songpa-gu,2023-04-20,1363
Gwangjin-gu,2023-04-20,7701
Gangbuk-gu,2023-04-20,2343
Seocho-gu,2023-04-20,20284
Seongdong-gu,2023-04-20,1463
Yongsan-gu,2023-04-20,229
Jongno-gu,2023-04-20,2936
Gangnam-gu,2023-04-20,17696
Seodaemun-gu,2023-04-20,2434
Gangbuk-gu,2023-04-21,2278
Gangnam-gu,2023-04-21,16429
Mapo-gu,2023-04-21,1187
Eunpyeong-gu,2023-04-21,2386
Jung-gu,2023-04-21,23292
Seongdong-gu,2023-04-21,1736
Gwanak-gu,2023-04-21,1867
Gwangjin-gu,2023-04-21,6663
Gangdong-gu,2023-04-21,4722
Gangseo-gu,2023-04-21,5092
Yangcheon-gu,2023-04-21,1772
Seocho-gu,2023-04-21,20501
Yongsan-gu,2023-04-21,213
Seoul_Grand_Park,2023-04-21,7649
Songpa-gu,2023-04-21,1862
Seodaemun-gu,2023-04-21,2571
Jongno-gu,2023-04-21,2935
Gangseo-gu,2023-04-22,3038
Seocho-gu,2023-04-22,19013
Gangdong-gu,2023-04-22,3385
Gangbuk-gu,2023-04-22,2054
Seodaemun-gu,2023-04-22,2397
Eunpyeong-gu,2023-04-22,1712
Yangcheon-gu,2023-04-22,1565
Mapo-gu,2023-04-22,1422
Jongno-gu,2023-04-22,3218
Songpa-gu,2023-04-22,3175
Gangnam-gu,2023-04-22,17561
Gwanak-gu,2023-04-22,2580
Gwangjin-gu,2023-04-22,6210
Yongsan-gu,2023-04-22,373
Seongdong-gu,2023-04-22,2722
Seoul_Grand_Park,2023-04-22,15626
Jung-gu,2023-04-22,24485
Gwanak-gu,2023-04-23,2754
Songpa-gu,2023-04-23,4087
Gangseo-gu,2023-04-23,3431
Mapo-gu,2023-04-23,1938
Seodaemun-gu,2023-04-23,3913
Gangdong-gu,2023-04-23,4800
Seoul_Grand_Park,2023-04-23,21948
Jongno-gu,2023-04-23,4715
Yongsan-gu,2023-04-23,342
Gwangjin-gu,2023-04-23,7059
Seocho-gu,2023-04-23,22563
Gangnam-gu,2023-04-23,19489
Yangcheon-gu,2023-04-23,1804
Gangbuk-gu,2023-04-23,2650
Jung-gu,2023-04-23,27297
Eunpyeong-gu,2023-04-23,2216
Seongdong-gu,2023-04-23,3963
Gangbuk-gu,2023-04-24,3545
Seocho-gu,2023-04-24,32642
Gangdong-gu,2023-04-24,7123
Seongdong-gu,2023-04-24,2094
Gwangjin-gu,2023-04-24,9729
Jongno-gu,2023-04-24,5328
Seoul_Grand_Park,2023-04-24,7432
Yangcheon-gu,2023-04-24,3269
Gangnam-gu,2023-04-24,26376
Seodaemun-gu,2023-04-24,3872
Mapo-gu,2023-04-24,1660
Yongsan-gu,2023-04-24,275
Jung-gu,2023-04-24,38674
Songpa-gu,2023-04-24,2269
Gwanak-gu,2023-04-24,2739
Eunpyeong-gu,2023-04-24,3582
Gangseo-gu,2023-04-24,7408
Yangcheon-gu,2023-04-25,4831
Gwangjin-gu,2023-04-25,16034
Jung-gu,2023-04-25,59921
Gangseo-gu,2023-04-25,9040
Gangnam-gu,2023-04-25,32375
Seongdong-gu,2023-04-25,2225
Songpa-gu,2023-04-25,976
Seodaemun-gu,2023-04-25,3897
Seoul_Grand_Park,2023-04-25,5196
Jongno-gu,2023-04-25,3583
Gangdong-gu,2023-04-25,8528
Gwanak-gu,2023-04-25,4637
Mapo-gu,2023-04-25,2149
Eunpyeong-gu,2023-04-25,4052
Seocho-gu,2023-04-25,35309
Yongsan-gu,2023-04-25,438
Gangbuk-gu,2023-04-25,4515
Songpa-gu,2023-04-26,1356
Seocho-gu,2023-04-26,25976
Jongno-gu,2023-04-26,4350
Gwangjin-gu,2023-04-26,9316
Seongdong-gu,2023-04-26,1794
Gangdong-gu,2023-04-26,6082
Gangseo-gu,2023-04-26,6348
Seoul_Grand_Park,2023-04-26,5881
Jung-gu,2023-04-26,31774
Gangbuk-gu,2023-04-26,2800
Yangcheon-gu,2023-04-26,2977
Gangnam-gu,2023-04-26,21437
Gwanak-gu,2023-04-26,2390
Seodaemun-gu,2023-04-26,3593
Yongsan-gu,2023-04-26,297
Eunpyeong-gu,2023-04-26,3143
Mapo-gu,2023-04-26,1535
Gangseo-gu,2023-04-27,5557
Jongno-gu,2023-04-27,3436
Seocho-gu,2023-04-27,23775
Seodaemun-gu,2023-04-27,2905
Seongdong-gu,2023-04-27,1890
Gwangjin-gu,2023-04-27,8544
Gangnam-gu,2023-04-27,21955
Songpa-gu,2023-04-27,1788
Gwanak-gu,2023-04-27,2764
Mapo-gu,2023-04-27,1266
Seoul_Grand_Park,2023-04-27,7533
Jung-gu,2023-04-27,31462
Gangdong-gu,2023-04-27,5029
Yangcheon-gu,2023-04-27,2659
Yongsan-gu,2023-04-27,281
Gangbuk-gu,2023-04-27,2872
Eunpyeong-gu,2023-04-27,2626
Yangcheon-gu,2023-04-28,2061
Gangdong-gu,2023-04-28,4557
Gwanak-gu,2023-04-28,1920
Seodaemun-gu,2023-04-28,2592
Songpa-gu,2023-04-28,1818
Seoul_Grand_Park,2023-04-28,7585
Gwangjin-gu,2023-04-28,6430
Mapo-gu,2023-04-28,1384
Eunpyeong-gu,2023-04-28,2472
Yongsan-gu,2023-04-28,226
Seongdong-gu,2023-04-28,1963
Gangbuk-gu,2023-04-28,1984
Jongno-gu,2023-04-28,3160
Seocho-gu,2023-04-28,26032
Gangnam-gu,2023-04-28,19259
Gangseo-gu,2023-04-28,4470
Jung-gu,2023-04-28,22505
Songpa-gu,2023-04-29,895
Yangcheon-gu,2023-04-29,2218
Gwanak-gu,2023-04-29,2961
Seongdong-gu,2023-04-29,2876
Gangnam-gu,2023-04-29,20045
Seoul_Grand_Park,2023-04-29,5991
Jung-gu,2023-04-29,33912
Seodaemun-gu,2023-04-29,2545
Gangseo-gu,2023-04-29,3625
Seocho-gu,2023-04-29,21576
Mapo-gu,2023-04-29,1766
Jongno-gu,2023-04-29,4006
Yongsan-gu,2023-04-29,363
Gangdong-gu,2023-04-29,4421
Gangbuk-gu,2023-04-29,2329
Eunpyeong-gu,2023-04-29,2670
Gwangjin-gu,2023-04-29,7780
Songpa-gu,2023-04-30,729
Gangseo-gu,2023-04-30,3086
Mapo-gu,2023-04-30,2098
Gangdong-gu,2023-04-30,4976
Gwanak-gu,2023-04-30,2898
Seoul_Grand_Park,2023-04-30,23666
Gwangjin-gu,2023-04-30,7068
Yongsan-gu,2023-04-30,358
Eunpyeong-gu,2023-04-30,1889
Gangbuk-gu,2023-04-30,2468
Jongno-gu,2023-04-30,5104
Jung-gu,2023-04-30,31162
Seodaemun-gu,2023-04-30,2516
Seocho-gu,2023-04-30,16522
Seongdong-gu,2023-04-30,4608
Gangnam-gu,2023-04-30,14367
Yangcheon-gu,2023-04-30,1811
Jongno-gu,2023-05-01,5582
Yangcheon-gu,2023-05-01,1580
Jung-gu,2023-05-01,24064
Seongdong-gu,2023-05-01,3670
Gangdong-gu,2023-05-01,4950
Gangseo-gu,2023-05-01,4006
Seocho-gu,2023-05-01,17726
Mapo-gu,2023-05-01,1589
Gwangjin-gu,2023-05-01,5518
Gwanak-gu,2023-05-01,1998
Seoul_Grand_Park,2023-05-01,21429
Seodaemun-gu,2023-05-01,3038
Eunpyeong-gu,2023-05-01,2398
Gangbuk-gu,2023-05-01,2346
Songpa-gu,2023-05-01,647
Yongsan-gu,2023-05-01,249
Gangnam-gu,2023-05-01,15588
Yongsan-gu,2023-05-02,162
Seodaemun-gu,2023-05-02,2367
Gangbuk-gu,2023-05-02,1362
Mapo-gu,2023-05-02,1176
Jongno-gu,2023-05-02,2697
Seongdong-gu,2023-05-02,1798
Gangdong-gu,2023-05-02,4490
Songpa-gu,2023-05-02,405
Eunpyeong-gu,2023-05-02,2088
Gangnam-gu,2023-05-02,15762
Yangcheon-gu,2023-05-02,1464
Gangseo-gu,2023-05-02,5243
Seoul_Grand_Park,2023-05-02,3522
Gwangjin-gu,2023-05-02,4663
Seocho-gu,2023-05-02,20266
Jung-gu,2023-05-02,18095
Gwanak-gu,2023-05-02,1574
Seocho-gu,2023-05-03,21577
Yongsan-gu,2023-05-03,78
Gangdong-gu,2023-05-03,5166
Gwanak-gu,2023-05-03,2406
Seoul_Grand_Park,2023-05-03,6798
Songpa-gu,2023-05-03,75
Eunpyeong-gu,2023-05-03,2516
Jongno-gu,2023-05-03,3487
Gangnam-gu,2023-05-03,16983
Gangbuk-gu,2023-05-03,2317
Seodaemun-gu,2023-05-03,2969
Jung-gu,2023-05-03,27317
Gwangjin-gu,2023-05-03,6657
Gangseo-gu,2023-05-03,5502
Seongdong-gu,2023-05-03,1642
Mapo-gu,2023-05-03,1289
Yangcheon-gu,2023-05-03,2352
Gangnam-gu,2023-05-04,19223
Mapo-gu,2023-05-04,1379
Jongno-gu,2023-05-04,4321
Jung-gu,2023-05-04,37167
Seoul_Grand_Park,2023-05-04,13985
Songpa-gu,2023-05-04,255
Seodaemun-gu,2023-05-04,3032
Gwanak-gu,2023-05-04,2717
Eunpyeong-gu,2023-05-04,2675
Gangbuk-gu,2023-05-04,3270
Seongdong-gu,2023-05-04,2114
Gangseo-gu,2023-05-04,6216
Seocho-gu,2023-05-04,23486
Yongsan-gu,2023-05-04,172
Yangcheon-gu,2023-05-04,3001
Gwangjin-gu,2023-05-04,9347
Gangdong-gu,2023-05-04,5400
Gangnam-gu,2023-05-05,18587
Gwangjin-gu,2023-05-05,6204
Gangdong-gu,2023-05-05,3138
Gwanak-gu,2023-05-05,2623
Gangbuk-gu,2023-05-05,1757
Mapo-gu,2023-05-05,1191
Seoul_Grand_Park,2023-05-05,3362
Songpa-gu,2023-05-05,194
Yongsan-gu,2023-05-05,249
Seodaemun-gu,2023-05-05,2142
Eunpyeong-gu,2023-05-05,1666
Jongno-gu,2023-05-05,1737
Jung-gu,2023-05-05,30253
Seocho-gu,2023-05-05,19171
Yangcheon-gu,2023-05-05,1357
Gangseo-gu,2023-05-05,3603
Seongdong-gu,2023-05-05,1733
Gangbuk-gu,2023-05-06,2401
Seoul_Grand_Park,2023-05-06,3416
Gangdong-gu,2023-05-06,3762
Yangcheon-gu,2023-05-06,1672
Yongsan-gu,2023-05-06,190
Gangseo-gu,2023-05-06,4202
Eunpyeong-gu,2023-05-06,2620
Seocho-gu,2023-05-06,16974
Mapo-gu,2023-05-06,1375
Jung-gu,2023-05-06,31073
Seongdong-gu,2023-05-06,2642
Gwanak-gu,2023-05-06,2319
Gwangjin-gu,2023-05-06,6865
Seodaemun-gu,2023-05-06,2431
Songpa-gu,2023-05-06,8
Jongno-gu,2023-05-06,2753
Gangnam-gu,2023-05-06,18978
Seongdong-gu,2023-05-07,2662
Gwanak-gu,2023-05-07,2260
Seocho-gu,2023-05-07,13523
Yongsan-gu,2023-05-07,302
Gangseo-gu,2023-05-07,3501
Gangnam-gu,2023-05-07,13469
Gangdong-gu,2023-05-07,3788
Songpa-gu,2023-05-07,0
Mapo-gu,2023-05-07,1437
Jongno-gu,2023-05-07,3824
Seoul_Grand_Park,2023-05-07,10052
Yangcheon-gu,2023-05-07,1768
Jung-gu,2023-05-07,20153
Gangbuk-gu,2023-05-07,2109
Seodaemun-gu,2023-05-07,2297
Gwangjin-gu,2023-05-07,5507
Eunpyeong-gu,2023-05-07,1560
Jung-gu,2023-05-08,14781
Seodaemun-gu,2023-05-08,2388
Gangseo-gu,2023-05-08,5323
Gwangjin-gu,2023-05-08,5134
Yangcheon-gu,2023-05-08,1730
Gwanak-gu,2023-05-08,1312
Mapo-gu,2023-05-08,1141
Gangnam-gu,2023-05-08,14116
Songpa-gu,2023-05-08,90
Seongdong-gu,2023-05-08,1520
Eunpyeong-gu,2023-05-08,1760
Yongsan-gu,2023-05-08,145
Jongno-gu,2023-05-08,3285
Seocho-gu,2023-05-08,18095
Gangbuk-gu,2023-05-08,1755
Seoul_Grand_Park,2023-05-08,4273
Gangdong-gu,2023-05-08,5127
Gwanak-gu,2023-05-09,1863
Yangcheon-gu,2023-05-09,2959
Seoul_Grand_Park,2023-05-09,4292
Eunpyeong-gu,2023-05-09,2045
Gwangjin-gu,2023-05-09,6725
Gangbuk-gu,2023-05-09,2187
Jung-gu,2023-05-09,21747
Mapo-gu,2023-05-09,1157
Gangdong-gu,2023-05-09,4758
Gangnam-gu,2023-05-09,18095
Jongno-gu,2023-05-09,2788
Seocho-gu,2023-05-09,23807
Yongsan-gu,2023-05-09,193
Seodaemun-gu,2023-05-09,2789
Seongdong-gu,2023-05-09,1617
Songpa-gu,2023-05-09,92
Gangseo-gu,2023-05-09,5378
Seodaemun-gu,2023-05-10,2787
Jung-gu,2023-05-10,18326
Seoul_Grand_Park,2023-05-10,5261
Seocho-gu,2023-05-10,23658
Gwanak-gu,2023-05-10,1896
Yongsan-gu,2023-05-10,209
Yangcheon-gu,2023-05-10,2031
Gangseo-gu,2023-05-10,6395
Gangnam-gu,2023-05-10,18829
Gangdong-gu,2023-05-10,5042
Eunpyeong-gu,2023-05-10,1854
Gangbuk-gu,2023-05-10,2090
Mapo-gu,2023-05-10,1168
Seongdong-gu,2023-05-10,1871
Jongno-gu,2023-05-10,2985
Songpa-gu,2023-05-10,29
Gwangjin-gu,2023-05-10,6968
Seodaemun-gu,2023-05-11,2598
Gwanak-gu,2023-05-11,2125
Gangbuk-gu,2023-05-11,2336
Gangdong-gu,2023-05-11,4860
Songpa-gu,2023-05-11,42
Yongsan-gu,2023-05-11,155
Seongdong-gu,2023-05-11,1858
Seoul_Grand_Park,2023-05-11,6607
Jongno-gu,2023-05-11,3506
Seocho-gu,2023-05-11,20320
Gangseo-gu,2023-05-11,5875
Gangnam-gu,2023-05-11,15713
Jung-gu,2023-05-11,22473
Eunpyeong-gu,2023-05-11,2186
Mapo-gu,2023-05-11,1350
Gwangjin-gu,2023-05-11,7612
Yangcheon-gu,2023-05-11,2546
Seongdong-gu,2023-05-12,2260
Gangnam-gu,2023-05-12,21449
Jung-gu,2023-05-12,27437
Jongno-gu,2023-05-12,3343
Seocho-gu,2023-05-12,26391
Mapo-gu,2023-05-12,1325
Gwangjin-gu,2023-05-12,7364
Eunpyeong-gu,2023-05-12,2382
Gangbuk-gu,2023-05-12,2587
Seodaemun-gu,2023-05-12,2579
Seoul_Grand_Park,2023-05-12,14608
Gangseo-gu,2023-05-12,5614
Songpa-gu,2023-05-12,4
Yangcheon-gu,2023-05-12,2692
Gwanak-gu,2023-05-12,2534
Gangdong-gu,2023-05-12,4920
Yongsan-gu,2023-05-12,195
Seocho-gu,2023-05-13,24977
Gwangjin-gu,2023-05-13,7528
Jongno-gu,2023-05-13,4333
Songpa-gu,2023-05-13,103
Jung-gu,2023-05-13,27511
Mapo-gu,2023-05-13,2150
Gangdong-gu,2023-05-13,4467
Gwanak-gu,2023-05-13,2805
Gangbuk-gu,2023-05-13,2582
Yongsan-gu,2023-05-13,394
Seongdong-gu,2023-05-13,4259
Yangcheon-gu,2023-05-13,2089
Seodaemun-gu,2023-05-13,2798
Gangseo-gu,2023-05-13,4534
Eunpyeong-gu,2023-05-13,2636
Seoul_Grand_Park,2023-05-13,22927
Gangnam-gu,2023-05-13,22388
Gangnam-gu,2023-05-14,13891
Gangbuk-gu,2023-05-14,1962
Yangcheon-gu,2023-05-14,1541
Mapo-gu,2023-05-14,1315
Gangdong-gu,2023-05-14,3162
Songpa-gu,2023-05-14,248
Seoul_Grand_Park,2023-05-14,16404
Seocho-gu,2023-05-14,16452
Gwangjin-gu,2023-05-14,5532
Eunpyeong-gu,2023-05-14,1636
Jongno-gu,2023-05-14,3779
Seodaemun-gu,2023-05-14,2356
Gangseo-gu,2023-05-14,2717
Jung-gu,2023-05-14,20744
Seongdong-gu,2023-05-14,2960
Yongsan-gu,2023-05-14,254
Gwanak-gu,2023-05-14,2379
Yongsan-gu,2023-05-15,102
Gwangjin-gu,2023-05-15,9059
Eunpyeong-gu,2023-05-15,2671
Seoul_Grand_Park,2023-05-15,6721
Gangseo-gu,2023-05-15,6360
Yangcheon-gu,2023-05-15,2918
Gangbuk-gu,2023-05-15,2886
Gangnam-gu,2023-05-15,17630
Seongdong-gu,2023-05-15,1622
Seodaemun-gu,2023-05-15,2662
Mapo-gu,2023-05-15,1217
Jung-gu,2023-05-15,33177
Songpa-gu,2023-05-15,69
Gangdong-gu,2023-05-15,5230
Gwanak-gu,2023-05-15,2977
Seocho-gu,2023-05-15,23258
Jongno-gu,2023-05-15,2922
Seongdong-gu,2023-05-16,1138
Eunpyeong-gu,2023-05-16,1748
Yongsan-gu,2023-05-16,77
Gwangjin-gu,2023-05-16,6403
Jung-gu,2023-05-16,22922
Gangdong-gu,2023-05-16,3591
Seoul_Grand_Park,2023-05-16,3852
Gangbuk-gu,2023-05-16,2004
Gangseo-gu,2023-05-16,4786
Gangnam-gu,2023-05-16,16949
Seodaemun-gu,2023-05-16,2525
Jongno-gu,2023-05-16,2593
Songpa-gu,2023-05-16,35
Seocho-gu,2023-05-16,20733
Gwanak-gu,2023-05-16,1745
Yangcheon-gu,2023-05-16,1943
Mapo-gu,2023-05-16,881
Songpa-gu,2023-05-17,231
Seodaemun-gu,2023-05-17,2614
Gangnam-gu,2023-05-17,14984
Jongno-gu,2023-05-17,3321
Seongdong-gu,2023-05-17,1710
Yongsan-gu,2023-05-17,55
Seoul_Grand_Park,2023-05-17,6073
Yangcheon-gu,2023-05-17,2467
Seocho-gu,2023-05-17,21190
Gwanak-gu,2023-05-17,2016
Mapo-gu,2023-05-17,1192
Gangseo-gu,2023-05-17,5698
Eunpyeong-gu,2023-05-17,2295
Gangdong-gu,2023-05-17,4758
Jung-gu,2023-05-17,24491
Gwangjin-gu,2023-05-17,7169
Gangbuk-gu,2023-05-17,2288
Jung-gu,2023-05-18,34150
Mapo-gu,2023-05-18,1509
Seocho-gu,2023-05-18,23428
Gangdong-gu,2023-05-18,5946
Yongsan-gu,2023-05-18,273
Songpa-gu,2023-05-18,0
Jongno-gu,2023-05-18,4017
Gangnam-gu,2023-05-18,18972
Yangcheon-gu,2023-05-18,3231
Seodaemun-gu,2023-05-18,2617
Gwangjin-gu,2023-05-18,8956
Eunpyeong-gu,2023-05-18,2956
Gangseo-gu,2023-05-18,8309
Seongdong-gu,2023-05-18,2029
Gwanak-gu,2023-05-18,2800
Gangbuk-gu,2023-05-18,2756
Seoul_Grand_Park,2023-05-18,7511
Gangbuk-gu,2023-05-19,2993
Gwangjin-gu,2023-05-19,7769
Songpa-gu,2023-05-19,3
Gangdong-gu,2023-05-19,5483
Eunpyeong-gu,2023-05-19,2541
Gangseo-gu,2023-05-19,7540
Yangcheon-gu,2023-05-19,2658
Gwanak-gu,2023-05-19,2683
Jung-gu,2023-05-19,28270
Yongsan-gu,2023-05-19,84
Seoul_Grand_Park,2023-05-19,11327
Mapo-gu,2023-05-19,1310
Seodaemun-gu,2023-05-19,3132
Seongdong-gu,2023-05-19,2899
Gangnam-gu,2023-05-19,20164
Seocho-gu,2023-05-19,27080
Jongno-gu,2023-05-19,5104
Seodaemun-gu,2023-05-20,3447
Jongno-gu,2023-05-20,5429
Eunpyeong-gu,2023-05-20,2457
Yangcheon-gu,2023-05-20,2393
Gangseo-gu,2023-05-20,5191
Yongsan-gu,2023-05-20,74
Songpa-gu,2023-05-20,621
Seongdong-gu,2023-05-20,4920
Gwanak-gu,2023-05-20,2831
Seocho-gu,2023-05-20,29554
Jung-gu,2023-05-20,31479
Seoul_Grand_Park,2023-05-20,22468
Mapo-gu,2023-05-20,2132
Gangdong-gu,2023-05-20,5222
Gwangjin-gu,2023-05-20,8218
Gangbuk-gu,2023-05-20,2662
Gangnam-gu,2023-05-20,23995
Seoul_Grand_Park,2023-05-21,18408
Seongdong-gu,2023-05-21,3090
Yangcheon-gu,2023-05-21,1841
Seocho-gu,2023-05-21,20141
Gangseo-gu,2023-05-21,3964
Gwanak-gu,2023-05-21,2316
Seodaemun-gu,2023-05-21,2622
Jung-gu,2023-05-21,26927
Gangbuk-gu,2023-05-21,2401
Eunpyeong-gu,2023-05-21,1955
Gwangjin-gu,2023-05-21,6216
Songpa-gu,2023-05-21,929
Gangnam-gu,2023-05-21,17112
Gangdong-gu,2023-05-21,4742
Yongsan-gu,2023-05-21,298
Mapo-gu,2023-05-21,2010
Jongno-gu,2023-05-21,4298
Seongdong-gu,2023-05-22,3577
Gangnam-gu,2023-05-22,33788
Gangbuk-gu,2023-05-22,5008
Jung-gu,2023-05-22,66949
Seocho-gu,2023-05-22,42665
Gangdong-gu,2023-05-22,9188
Seodaemun-gu,2023-05-22,4549
Gwanak-gu,2023-05-22,5275
Gwangjin-gu,2023-05-22,15393
Songpa-gu,2023-05-22,169
Yongsan-gu,2023-05-22,347
Seoul_Grand_Park,2023-05-22,10745
Gangseo-gu,2023-05-22,12634
Mapo-gu,2023-05-22,2738
Eunpyeong-gu,2023-05-22,4799
Yangcheon-gu,2023-05-22,5495
Jongno-gu,2023-05-22,6254
Seongdong-gu,2023-05-23,4968
Gwangjin-gu,2023-05-23,19877
Seodaemun-gu,2023-05-23,6577
Jung-gu,2023-05-23,84635
Yangcheon-gu,2023-05-23,7217
Seocho-gu,2023-05-23,57728
Gangbuk-gu,2023-05-23,7111
Gangnam-gu,2023-05-23,52844
Gangdong-gu,2023-05-23,13118
Seoul_Grand_Park,2023-05-23,17677
Songpa-gu,2023-05-23,232
Gwanak-gu,2023-05-23,6201
Mapo-gu,2023-05-23,3372
Yongsan-gu,2023-05-23,318
Eunpyeong-gu,2023-05-23,6358
Jongno-gu,2023-05-23,9089
Gangseo-gu,2023-05-23,17184
Gangdong-gu,2023-05-24,13457
Gwanak-gu,2023-05-24,6578
Seocho-gu,2023-05-24,62406
Songpa-gu,2023-05-24,343
Mapo-gu,2023-05-24,4033
Seodaemun-gu,2023-05-24,6920
Yongsan-gu,2023-05-24,707
Jung-gu,2023-05-24,82278
Gangseo-gu,2023-05-24,17814
Yangcheon-gu,2023-05-24,7287
Eunpyeong-gu,2023-05-24,6516
Gwangjin-gu,2023-05-24,20965
Gangnam-gu,2023-05-24,55643
Gangbuk-gu,2023-05-24,6019
Seoul_Grand_Park,2023-05-24,20517
Jongno-gu,2023-05-24,9130
Seongdong-gu,2023-05-24,5548
Yongsan-gu,2023-05-25,351
Seocho-gu,2023-05-25,61997
Gangseo-gu,2023-05-25,17170
Gangnam-gu,2023-05-25,50604
Mapo-gu,2023-05-25,3803
Seongdong-gu,2023-05-25,5425
Jung-gu,2023-05-25,83101
Gwanak-gu,2023-05-25,6143
Gangbuk-gu,2023-05-25,6658
Gangdong-gu,2023-05-25,13582
Songpa-gu,2023-05-25,231
Seodaemun-gu,2023-05-25,6970
Gwangjin-gu,2023-05-25,21233
Seoul_Grand_Park,2023-05-25,22793
Eunpyeong-gu,2023-05-25,6169
Jongno-gu,2023-05-25,9633
Yangcheon-gu,2023-05-25,7754
Eunpyeong-gu,2023-05-26,6880
Jung-gu,2023-05-26,89860
Songpa-gu,2023-05-26,347
Gwanak-gu,2023-05-26,8191
Mapo-gu,2023-05-26,4329
Gwangjin-gu,2023-05-26,22628
Seoul_Grand_Park,2023-05-26,21020
Yangcheon-gu,2023-05-26,7698
Seongdong-gu,2023-05-26,6771
Gangnam-gu,2023-05-26,56853
Seocho-gu,2023-05-26,69496
Jongno-gu,2023-05-26,10001
Seodaemun-gu,2023-05-26,7327
Gangdong-gu,2023-05-26,14035
Yongsan-gu,2023-05-26,453
Gangseo-gu,2023-05-26,18295
Gangbuk-gu,2023-05-26,7424
Mapo-gu,2023-05-27,4771
Gangbuk-gu,2023-05-27,5467
Gangnam-gu,2023-05-27,41826
Eunpyeong-gu,2023-05-27,5748
Yangcheon-gu,2023-05-27,5843
Songpa-gu,2023-05-27,32
Jung-gu,2023-05-27,109933
Yongsan-gu,2023-05-27,878
Seoul_Grand_Park,2023-05-27,25645
Seongdong-gu,2023-05-27,10283
Gwanak-gu,2023-05-27,8655
Gangseo-gu,2023-05-27,9817
Jongno-gu,2023-05-27,7778
Seodaemun-gu,2023-05-27,6209
Gangdong-gu,2023-05-27,10255
Seocho-gu,2023-05-27,52141
Gwangjin-gu,2023-05-27,21403
Yongsan-gu,2023-05-28,861
Mapo-gu,2023-05-28,3890
Seodaemun-gu,2023-05-28,6189
Eunpyeong-gu,2023-05-28,5683
Seocho-gu,2023-05-28,40278
Gwangjin-gu,2023-05-28,20965
Seongdong-gu,2023-05-28,7426
Gwanak-gu,2023-05-28,8197
Songpa-gu,2023-05-28,4
Seoul_Grand_Park,2023-05-28,11044
Gangbuk-gu,2023-05-28,4992
Gangdong-gu,2023-05-28,9236
Gangseo-gu,2023-05-28,7630
Jung-gu,2023-05-28,99837
Jongno-gu,2023-05-28,5943
Gangnam-gu,2023-05-28,30253
Yangcheon-gu,2023-05-28,4772
Gangseo-gu,2023-05-29,11832
Seodaemun-gu,2023-05-29,6026
Jung-gu,2023-05-29,94392
Seoul_Grand_Park,2023-05-29,50255
Gangdong-gu,2023-05-29,12242
Songpa-gu,2023-05-29,0
Gwangjin-gu,2023-05-29,19620
Jongno-gu,2023-05-29,12212
Mapo-gu,2023-05-29,4985
Yangcheon-gu,2023-05-29,6255
Yongsan-gu,2023-05-29,751
Gangbuk-gu,2023-05-29,8651
Gangnam-gu,2023-05-29,27872
Gwanak-gu,2023-05-29,8319
Seocho-gu,2023-05-29,46246
Seongdong-gu,2023-05-29,8698
Eunpyeong-gu,2023-05-29,5802
Gwanak-gu,2023-05-30,6224
Seongdong-gu,2023-05-30,4527
Mapo-gu,2023-05-30,3491
Jongno-gu,2023-05-30,7895
Songpa-gu,2023-05-30,1563
Yongsan-gu,2023-05-30,249
Jung-gu,2023-05-30,78176
Seodaemun-gu,2023-05-30,7117
Seocho-gu,2023-05-30,57472
Gwangjin-gu,2023-05-30,21458
Gangdong-gu,2023-05-30,13433
Gangbuk-gu,2023-05-30,7555
Gangnam-gu,2023-05-30,39371
Gangseo-gu,2023-05-30,17756
Yangcheon-gu,2023-05-30,7138
Eunpyeong-gu,2023-05-30,6275
Seoul_Grand_Park,2023-05-30,15282
Seongdong-gu,2023-05-31,4753
Seocho-gu,2023-05-31,58787
Gwangjin-gu,2023-05-31,20810
Gangbuk-gu,2023-05-31,7439
Gangdong-gu,2023-05-31,13525
Yangcheon-gu,2023-05-31,7167
Yongsan-gu,2023-05-31,319
Jongno-gu,2023-05-31,8270
Mapo-gu,2023-05-31,3621
Gangnam-gu,2023-05-31,42866
Gangseo-gu,2023-05-31,17941
Seoul_Grand_Park,2023-05-31,17246
Eunpyeong-gu,2023-05-31,6481
Seodaemun-gu,2023-05-31,6927
Songpa-gu,2023-05-31,175
Gwanak-gu,2023-05-31,6019
Jung-gu,2023-05-31,78360
Eunpyeong-gu,2023-06-01,6393
Gangdong-gu,2023-06-01,13464
Jung-gu,2023-06-01,79229
Gangbuk-gu,2023-06-01,7606
Gangseo-gu,2023-06-01,18504
Gangnam-gu,2023-06-01,51428
Seoul_Grand_Park,2023-06-01,18069
Seodaemun-gu,2023-06-01,6915
Gwangjin-gu,2023-06-01,21132
Mapo-gu,2023-06-01,3623
Yangcheon-gu,2023-06-01,7352
Seocho-gu,2023-06-01,62943
Jongno-gu,2023-06-01,8497
Songpa-gu,2023-06-01,0
Seongdong-gu,2023-06-01,5112
Yongsan-gu,2023-06-01,757
Gwanak-gu,2023-06-01,6478
Gangseo-gu,2023-06-02,17329
Jung-gu,2023-06-02,85270
Jongno-gu,2023-06-02,9771
Seongdong-gu,2023-06-02,6125
Eunpyeong-gu,2023-06-02,6494
Gwanak-gu,2023-06-02,7732
Gangdong-gu,2023-06-02,14159
Mapo-gu,2023-06-02,4305
Gwangjin-gu,2023-06-02,22059
Gangbuk-gu,2023-06-02,7521
Yongsan-gu,2023-06-02,812
Seocho-gu,2023-06-02,71316
Gangnam-gu,2023-06-02,63190
Seoul_Grand_Park,2023-06-02,26430
Yangcheon-gu,2023-06-02,7773
Songpa-gu,2023-06-02,7
Seodaemun-gu,2023-06-02,7067
Seocho-gu,2023-06-03,63524
Seoul_Grand_Park,2023-06-03,91000
Gwanak-gu,2023-06-03,8703
Mapo-gu,2023-06-03,5699
Yangcheon-gu,2023-06-03,6706
Seodaemun-gu,2023-06-03,7502
Jongno-gu,2023-06-03,13727
Seongdong-gu,2023-06-03,11199
Gangdong-gu,2023-06-03,12645
Yongsan-gu,2023-06-03,485
Gangnam-gu,2023-06-03,61290
Eunpyeong-gu,2023-06-03,6235
Jung-gu,2023-06-03,99370
Gwangjin-gu,2023-06-03,20812
Gangbuk-gu,2023-06-03,8687
Gangseo-gu,2023-06-03,11536
Songpa-gu,2023-06-03,173
Eunpyeong-gu,2023-06-04,4853
Gangnam-gu,2023-06-04,40963
Seoul_Grand_Park,2023-06-04,79545
Jung-gu,2023-06-04,92047
Seodaemun-gu,2023-06-04,6042
Songpa-gu,2023-06-04,98
Gangbuk-gu,2023-06-04,7187
Jongno-gu,2023-06-04,11087
Seongdong-gu,2023-06-04,9748
Yongsan-gu,2023-06-04,203
Gwanak-gu,2023-06-04,7133
Seocho-gu,2023-06-04,45509
Gangdong-gu,2023-06-04,11157
Gwangjin-gu,2023-06-04,17064
Mapo-gu,2023-06-04,4839
Yangcheon-gu,2023-06-04,5151
Gangseo-gu,2023-06-04,8896
Gangdong-gu,2023-06-05,12862
Yongsan-gu,2023-06-05,476
Songpa-gu,2023-06-05,201
Seocho-gu,2023-06-05,61967
Gangnam-gu,2023-06-05,58182
Seongdong-gu,2023-06-05,6995
Seoul_Grand_Park,2023-06-05,43303
Gwangjin-gu,2023-06-05,20813
Jung-gu,2023-06-05,95191
Eunpyeong-gu,2023-06-05,6678
Mapo-gu,2023-06-05,4192
Jongno-gu,2023-06-05,10830
Seodaemun-gu,2023-06-05,6640
Gangseo-gu,2023-06-05,14167
Yangcheon-gu,2023-06-05,7483
Gangbuk-gu,2023-06-05,8281
Gwanak-gu,2023-06-05,7167
Gwangjin-gu,2023-06-06,18106
Seongdong-gu,2023-06-06,10647
Jongno-gu,2023-06-06,11342
Gangseo-gu,2023-06-06,10302
Yangcheon-gu,2023-06-06,5319
Songpa-gu,2023-06-06,77
Gangnam-gu,2023-06-06,40973
Seodaemun-gu,2023-06-06,6019
Eunpyeong-gu,2023-06-06,5342
Jung-gu,2023-06-06,87630
Gangdong-gu,2023-06-06,11844
Gangbuk-gu,2023-06-06,9171
Yongsan-gu,2023-06-06,1030
Seoul_Grand_Park,2023-06-06,73350
Mapo-gu,2023-06-06,4950
Seocho-gu,2023-06-06,42531
Gwanak-gu,2023-06-06,7575
Yangcheon-gu,2023-06-07,7091
Gangseo-gu,2023-06-07,16791
Eunpyeong-gu,2023-06-07,6571
Seodaemun-gu,2023-06-07,6991
Seoul_Grand_Park,2023-06-07,14229
Gangnam-gu,2023-06-07,55026
Songpa-gu,2023-06-07,0
Gangbuk-gu,2023-06-07,7484
Seocho-gu,2023-06-07,61000
Jongno-gu,2023-06-07,8858
Gangdong-gu,2023-06-07,13600
Jung-gu,2023-06-07,75557
Gwanak-gu,2023-06-07,5726
Gwangjin-gu,2023-06-07,19913
Yongsan-gu,2023-06-07,693
Mapo-gu,2023-06-07,3592
Seongdong-gu,2023-06-07,4640
Seodaemun-gu,2023-06-08,6885
Gwangjin-gu,2023-06-08,20319
Seongdong-gu,2023-06-08,4315
Gangnam-gu,2023-06-08,57251
Mapo-gu,2023-06-08,3644
Songpa-gu,2023-06-08,110
Gangbuk-gu,2023-06-08,6863
Seocho-gu,2023-06-08,58024
Eunpyeong-gu,2023-06-08,6238
Gwanak-gu,2023-06-08,5906
Yangcheon-gu,2023-06-08,7111
Jung-gu,2023-06-08,88142
Jongno-gu,2023-06-08,7842
Yongsan-gu,2023-06-08,717
Gangdong-gu,2023-06-08,12983
Seoul_Grand_Park,2023-06-08,12501
Gangseo-gu,2023-06-08,16235
Seoul_Grand_Park,2023-06-09,16949
Yongsan-gu,2023-06-09,177
Seongdong-gu,2023-06-09,5661
Seocho-gu,2023-06-09,66582
Yangcheon-gu,2023-06-09,23187
Seodaemun-gu,2023-06-09,6786
Songpa-gu,2023-06-09,6291
Dobong-gu,2023-06-09,13907
Eunpyeong-gu,2023-06-09,6331
Gwanak-gu,2023-06-09,13112
Jongno-gu,2023-06-09,10940
Nowon-gu,2023-06-09,9733
Guro-gu,2023-06-09,14917
Gangdong-gu,2023-06-09,23409
Gangnam-gu,2023-06-09,74000
Geumcheon-gu,2023-06-09,11179
Gangseo-gu,2023-06-09,20837
Dongjak-gu,2023-06-09,16231
Jung-gu,2023-06-09,84368
Jungnang-gu,2023-06-09,5369
Mapo-gu,2023-06-09,12052
Gangbuk-gu,2023-06-09,17397
Gwangjin-gu,2023-06-09,28038
Gwanak-gu,2023-06-10,82682
Jungnang-gu,2023-06-10,42455
Songpa-gu,2023-06-10,65745
Gangnam-gu,2023-06-10,199816
Jongno-gu,2023-06-10,34256
Gwangjin-gu,2023-06-10,81607
Gangdong-gu,2023-06-10,99524
Seongdong-gu,2023-06-10,9595
Seodaemun-gu,2023-06-10,6897
Mapo-gu,2023-06-10,68847
Eunpyeong-gu,2023-06-10,6435
Dongjak-gu,2023-06-10,164873
Jung-gu,2023-06-10,95297
Gangseo-gu,2023-06-10,42426
Guro-gu,2023-06-10,132397
Seocho-gu,2023-06-10,62319
Geumcheon-gu,2023-06-10,101752
Yangcheon-gu,2023-06-10,140185
Nowon-gu,2023-06-10,72845
Seoul_Grand_Park,2023-06-10,33234
Gangbuk-gu,2023-06-10,94603
Yongsan-gu,2023-06-10,586
Dobong-gu,2023-06-10,106510
Seongdong-gu,2023-06-11,8424
Geumcheon-gu,2023-06-11,99469
Jung-gu,2023-06-11,85443
Yangcheon-gu,2023-06-11,126450
Gwangjin-gu,2023-06-11,72901
Gangbuk-gu,2023-06-11,86148
Songpa-gu,2023-06-11,62486
Jongno-gu,2023-06-11,32143
Gangdong-gu,2023-06-11,89974
Dongjak-gu,2023-06-11,149619
Guro-gu,2023-06-11,123749
Seocho-gu,2023-06-11,39172
Gangseo-gu,2023-06-11,37653
Dobong-gu,2023-06-11,100780
Seoul_Grand_Park,2023-06-11,31480
Nowon-gu,2023-06-11,68564
Yongsan-gu,2023-06-11,338
Seodaemun-gu,2023-06-11,6270
Gwanak-gu,2023-06-11,75078
Jungnang-gu,2023-06-11,39526
Mapo-gu,2023-06-11,61180
Gangnam-gu,2023-06-11,168562
Eunpyeong-gu,2023-06-11,4861
Jungnang-gu,2023-06-12,42481
Jongno-gu,2023-06-12,24842
Seongdong-gu,2023-06-12,4253
Seodaemun-gu,2023-06-12,6588
Gangseo-gu,2023-06-12,47724
Gangbuk-gu,2023-06-12,97060
Gangdong-gu,2023-06-12,102158
Songpa-gu,2023-06-12,59971
Yangcheon-gu,2023-06-12,139985
Jung-gu,2023-06-12,87649
Mapo-gu,2023-06-12,61819
Gangnam-gu,2023-06-12,196324
Dobong-gu,2023-06-12,111321
Eunpyeong-gu,2023-06-12,6162
Yongsan-gu,2023-06-12,367
Seoul_Grand_Park,2023-06-12,12936
Gwangjin-gu,2023-06-12,79037
Nowon-gu,2023-06-12,73497
Seocho-gu,2023-06-12,59018
Guro-gu,2023-06-12,135389
Geumcheon-gu,2023-06-12,112797
Dongjak-gu,2023-06-12,169715
Gwanak-gu,2023-06-12,76103
Eunpyeong-gu,2023-06-13,6244
Seocho-gu,2023-06-13,59030
Guro-gu,2023-06-13,131063
Jung-gu,2023-06-13,83446
Dongjak-gu,2023-06-13,167684
Gangdong-gu,2023-06-13,100043
Seodaemun-gu,2023-06-13,6971
Mapo-gu,2023-06-13,63245
Gangnam-gu,2023-06-13,197651
Jungnang-gu,2023-06-13,39967
Seoul_Grand_Park,2023-06-13,13293
Dobong-gu,2023-06-13,106511
Yongsan-gu,2023-06-13,439
Nowon-gu,2023-06-13,72006
Gangseo-gu,2023-06-13,46246
Gwangjin-gu,2023-06-13,78854
Yangcheon-gu,2023-06-13,137633
Songpa-gu,2023-06-13,60260
Geumcheon-gu,2023-06-13,111536
Seongdong-gu,2023-06-13,4778
Gangbuk-gu,2023-06-13,92188
Gwanak-gu,2023-06-13,77068
Jongno-gu,2023-06-13,28482
Jung-gu,2023-06-14,92344
Geumcheon-gu,2023-06-14,111455
Jongno-gu,2023-06-14,28730
Gangseo-gu,2023-06-14,48741
Seongdong-gu,2023-06-14,4614
Yongsan-gu,2023-06-14,543
Gwangjin-gu,2023-06-14,81663
Dobong-gu,2023-06-14,107677
Seoul_Grand_Park,2023-06-14,12747
Gwanak-gu,2023-06-14,76373
Gangnam-gu,2023-06-14,195667
Songpa-gu,2023-06-14,61702
Guro-gu,2023-06-14,131234
Eunpyeong-gu,2023-06-14,6180
Dongjak-gu,2023-06-14,164024
Yangcheon-gu,2023-06-14,140442
Jungnang-gu,2023-06-14,41660
Gangdong-gu,2023-06-14,102346
Seocho-gu,2023-06-14,59765
Gangbuk-gu,2023-06-14,92807
Nowon-gu,2023-06-14,71709
Seodaemun-gu,2023-06-14,6340
Mapo-gu,2023-06-14,61193
Gangnam-gu,2023-06-15,197099
Yongsan-gu,2023-06-15,435
Geumcheon-gu,2023-06-15,114704
Mapo-gu,2023-06-15,66044
Seoul_Grand_Park,2023-06-15,13053
Seongdong-gu,2023-06-15,5428
Gangbuk-gu,2023-06-15,96426
Jongno-gu,2023-06-15,27191
Jungnang-gu,2023-06-15,42414
Dobong-gu,2023-06-15,107131
Seodaemun-gu,2023-06-15,6839
Yangcheon-gu,2023-06-15,139163
Gwangjin-gu,2023-06-15,81651
Gangseo-gu,2023-06-15,51806
Nowon-gu,2023-06-15,73244
Gangdong-gu,2023-06-15,103395
Dongjak-gu,2023-06-15,165903
Songpa-gu,2023-06-15,62648
Guro-gu,2023-06-15,133575
Jung-gu,2023-06-15,92627
Gwanak-gu,2023-06-15,79407
Eunpyeong-gu,2023-06-15,6093
Seocho-gu,2023-06-15,63838
Dobong-gu,2023-06-16,108856
Guro-gu,2023-06-16,133308
Dongjak-gu,2023-06-16,168471
Gangbuk-gu,2023-06-16,94566
Gangseo-gu,2023-06-16,47137
Yangcheon-gu,2023-06-16,141537
Gwanak-gu,2023-06-16,76536
Mapo-gu,2023-06-16,67164
Seoul_Grand_Park,2023-06-16,12436
Geumcheon-gu,2023-06-16,103363
Nowon-gu,2023-06-16,73047
Gwangjin-gu,2023-06-16,81326
Seocho-gu,2023-06-16,67181
Eunpyeong-gu,2023-06-16,6155
Seongdong-gu,2023-06-16,6362
Songpa-gu,2023-06-16,63297
Yongsan-gu,2023-06-16,226
Seodaemun-gu,2023-06-16,6991
Jung-gu,2023-06-16,95486
Jongno-gu,2023-06-16,28280
Gangdong-gu,2023-06-16,104045
Jungnang-gu,2023-06-16,41144
Gangnam-gu,2023-06-16,197918
Nowon-gu,2023-06-17,71849
Gangnam-gu,2023-06-17,201770
Seocho-gu,2023-06-17,64450
Seodaemun-gu,2023-06-17,7213
Geumcheon-gu,2023-06-17,101621
Gwanak-gu,2023-06-17,79572
Yangcheon-gu,2023-06-17,138963
Seoul_Grand_Park,2023-06-17,38715
Mapo-gu,2023-06-17,67422
Dobong-gu,2023-06-17,107869
Guro-gu,2023-06-17,130767
Seongdong-gu,2023-06-17,11049
Dongjak-gu,2023-06-17,166804
Gangbuk-gu,2023-06-17,94774
Jungnang-gu,2023-06-17,41317
Songpa-gu,2023-06-17,61674
Eunpyeong-gu,2023-06-17,6347
Gangseo-gu,2023-06-17,42617
Yongsan-gu,2023-06-17,234
Gangdong-gu,2023-06-17,98595
Jongno-gu,2023-06-17,37750
Gwangjin-gu,2023-06-17,83499
Jung-gu,2023-06-17,103216
Yangcheon-gu,2023-06-18,135022
Seoul_Grand_Park,2023-06-18,31089
Eunpyeong-gu,2023-06-18,4434
Jung-gu,2023-06-18,91292
Seocho-gu,2023-06-18,41049
Nowon-gu,2023-06-18,79207
Seodaemun-gu,2023-06-18,5998
Gangdong-gu,2023-06-18,96192
Gangnam-gu,2023-06-18,183666
Geumcheon-gu,2023-06-18,99954
Dongjak-gu,2023-06-18,164256
Dobong-gu,2023-06-18,110615
Seongdong-gu,2023-06-18,7391
Jongno-gu,2023-06-18,29702
Gangbuk-gu,2023-06-18,96202
Gwangjin-gu,2023-06-18,80280
Gwanak-gu,2023-06-18,82434
Guro-gu,2023-06-18,137589
Gangseo-gu,2023-06-18,41500
Jungnang-gu,2023-06-18,42219
Songpa-gu,2023-06-18,66817
Yongsan-gu,2023-06-18,403
Mapo-gu,2023-06-18,70449
Eunpyeong-gu,2023-06-19,6143
Jungnang-gu,2023-06-19,42549
Seocho-gu,2023-06-19,56153
Dongjak-gu,2023-06-19,171623
Dobong-gu,2023-06-19,115616
Guro-gu,2023-06-19,139719
Jung-gu,2023-06-19,90777
Gangdong-gu,2023-06-19,102005
Yangcheon-gu,2023-06-19,145703
Songpa-gu,2023-06-19,61876
Nowon-gu,2023-06-19,79908
Seoul_Grand_Park,2023-06-19,9021
Gangbuk-gu,2023-06-19,100011
Gangseo-gu,2023-06-19,48916
Seodaemun-gu,2023-06-19,6083
Yongsan-gu,2023-06-19,303
Geumcheon-gu,2023-06-19,112682
Gangnam-gu,2023-06-19,195271
Gwangjin-gu,2023-06-19,83723
Gwanak-gu,2023-06-19,81253
Jongno-gu,2023-06-19,24611
Mapo-gu,2023-06-19,66951
Seongdong-gu,2023-06-19,3874
Gangbuk-gu,2023-06-20,93228
Gangseo-gu,2023-06-20,48986
Eunpyeong-gu,2023-06-20,6483
Gangnam-gu,2023-06-20,197848
Gangdong-gu,2023-06-20,98237
Dongjak-gu,2023-06-20,165213
Geumcheon-gu,2023-06-20,105546
Seoul_Grand_Park,2023-06-20,10497
Yangcheon-gu,2023-06-20,137628
Songpa-gu,2023-06-20,61936
Dobong-gu,2023-06-20,104374
Guro-gu,2023-06-20,129550
Gwangjin-gu,2023-06-20,80656
Jungnang-gu,2023-06-20,40377
Seodaemun-gu,2023-06-20,7134
Seocho-gu,2023-06-20,60994
Jung-gu,2023-06-20,88059
Yongsan-gu,2023-06-20,725
Mapo-gu,2023-06-20,63732
Jongno-gu,2023-06-20,24756
Seongdong-gu,2023-06-20,4964
Gwanak-gu,2023-06-20,75737
Nowon-gu,2023-06-20,73230
Gangbuk-gu,2023-06-21,99097
Jung-gu,2023-06-21,98202
Dongjak-gu,2023-06-21,167273
Jongno-gu,2023-06-21,27013
Gangnam-gu,2023-06-21,191906
Geumcheon-gu,2023-06-21,113696
Seocho-gu,2023-06-21,62240
Gangseo-gu,2023-06-21,49748
Eunpyeong-gu,2023-06-21,6342
Gwangjin-gu,2023-06-21,83485
Yangcheon-gu,2023-06-21,143146
Songpa-gu,2023-06-21,61613
Seongdong-gu,2023-06-21,4730
Yongsan-gu,2023-06-21,770
Jungnang-gu,2023-06-21,41944
Seodaemun-gu,2023-06-21,6905
Gangdong-gu,2023-06-21,103471
Mapo-gu,2023-06-21,66603
Gwanak-gu,2023-06-21,84140
Nowon-gu,2023-06-21,78222
Dobong-gu,2023-06-21,109364
Seoul_Grand_Park,2023-06-21,7333
Guro-gu,2023-06-21,139923
Jungnang-gu,2023-06-22,43006
Yongsan-gu,2023-06-22,738
Eunpyeong-gu,2023-06-22,6305
Gangseo-gu,2023-06-22,51007
Seodaemun-gu,2023-06-22,7024
Gwangjin-gu,2023-06-22,87684
Mapo-gu,2023-06-22,67754
Gangdong-gu,2023-06-22,106469
Songpa-gu,2023-06-22,66335
Jongno-gu,2023-06-22,31773
Gangbuk-gu,2023-06-22,99603
Yangcheon-gu,2023-06-22,148979
Gangnam-gu,2023-06-22,204367
Dobong-gu,2023-06-22,113924
Jung-gu,2023-06-22,93500
Guro-gu,2023-06-22,140921
Geumcheon-gu,2023-06-22,117817
Seongdong-gu,2023-06-22,6408
Seocho-gu,2023-06-22,69127
Nowon-gu,2023-06-22,79661
Seoul_Grand_Park,2023-06-22,12701
Dongjak-gu,2023-06-22,175411
Gwanak-gu,2023-06-22,83302
Seongdong-gu,2023-06-23,7178
Geumcheon-gu,2023-06-23,107906
Jongno-gu,2023-06-23,30743
Yangcheon-gu,2023-06-23,140072
Songpa-gu,2023-06-23,61783
Gangnam-gu,2023-06-23,201532
Seoul_Grand_Park,2023-06-23,11490
Mapo-gu,2023-06-23,62214
Jung-gu,2023-06-23,93482
Gwanak-gu,2023-06-23,76780
Gangdong-gu,2023-06-23,101343
Nowon-gu,2023-06-23,72581
Guro-gu,2023-06-23,132152
Gangbuk-gu,2023-06-23,94964
Dobong-gu,2023-06-23,104812
Jungnang-gu,2023-06-23,43158
Eunpyeong-gu,2023-06-23,6475
Gangseo-gu,2023-06-23,49888
Dongjak-gu,2023-06-23,164516
Seocho-gu,2023-06-23,72832
Gwangjin-gu,2023-06-23,84936
Seodaemun-gu,2023-06-23,6763
Yongsan-gu,2023-06-23,316
Gangdong-gu,2023-06-24,100150
Jung-gu,2023-06-24,98324
Gangbuk-gu,2023-06-24,91354
Jungnang-gu,2023-06-24,40781
Seoul_Grand_Park,2023-06-24,32403
Seodaemun-gu,2023-06-24,7181
Songpa-gu,2023-06-24,51553
Eunpyeong-gu,2023-06-24,6234
Guro-gu,2023-06-24,133306
Gwanak-gu,2023-06-24,78850
Yongsan-gu,2023-06-24,67
Dobong-gu,2023-06-24,106378
Nowon-gu,2023-06-24,72395
Mapo-gu,2023-06-24,64673
Yangcheon-gu,2023-06-24,139892
Seongdong-gu,2023-06-24,9966
Dongjak-gu,2023-06-24,165659
Gangseo-gu,2023-06-24,43939
Gwangjin-gu,2023-06-24,83669
Geumcheon-gu,2023-06-24,104510
Jongno-gu,2023-06-24,38726
Gangnam-gu,2023-06-24,200842
Seocho-gu,2023-06-24,66575
Guro-gu,2023-06-25,121698
Dobong-gu,2023-06-25,98138
Gwanak-gu,2023-06-25,77292
Yangcheon-gu,2023-06-25,97437
Gangseo-gu,2023-06-25,38388
Yongsan-gu,2023-06-25,45
Gangdong-gu,2023-06-25,89236
Gwangjin-gu,2023-06-25,74635
Geumcheon-gu,2023-06-25,94605
Seodaemun-gu,2023-06-25,5649
Seocho-gu,2023-06-25,40920
Mapo-gu,2023-06-25,62035
Seoul_Grand_Park,2023-06-25,25103
Dongjak-gu,2023-06-25,148709
Jung-gu,2023-06-25,89827
Seongdong-gu,2023-06-25,7425
Gangbuk-gu,2023-06-25,86943
Eunpyeong-gu,2023-06-25,4727
Nowon-gu,2023-06-25,68293
Jungnang-gu,2023-06-25,38381
Gangnam-gu,2023-06-25,173392
Songpa-gu,2023-06-25,56917
Jongno-gu,2023-06-25,27560
Gangbuk-gu,2023-06-26,88203
Seocho-gu,2023-06-26,64222
Guro-gu,2023-06-26,132417
Nowon-gu,2023-06-26,71922
Jungnang-gu,2023-06-26,39284
Seongdong-gu,2023-06-26,3635
Gangseo-gu,2023-06-26,45233
Yangcheon-gu,2023-06-26,128502
Eunpyeong-gu,2023-06-26,6507
Seoul_Grand_Park,2023-06-26,4994
Gangdong-gu,2023-06-26,94966
Yongsan-gu,2023-06-26,601
Jung-gu,2023-06-26,85507
Mapo-gu,2023-06-26,58412
Seodaemun-gu,2023-06-26,6283
Dobong-gu,2023-06-26,103752
Gwanak-gu,2023-06-26,79043
Geumcheon-gu,2023-06-26,113859
Jongno-gu,2023-06-26,20655
Gwangjin-gu,2023-06-26,78500
Gangnam-gu,2023-06-26,189449
Dongjak-gu,2023-06-26,162213
Songpa-gu,2023-06-26,58498
Dongjak-gu,2023-06-27,163740
Dobong-gu,2023-06-27,105330
Seocho-gu,2023-06-27,61225
Eunpyeong-gu,2023-06-27,6112
Mapo-gu,2023-06-27,59733
Nowon-gu,2023-06-27,74398
Yangcheon-gu,2023-06-27,131766
Jungnang-gu,2023-06-27,41083
Yongsan-gu,2023-06-27,73
Seodaemun-gu,2023-06-27,6433
Seongdong-gu,2023-06-27,4582
Jongno-gu,2023-06-27,25490
Guro-gu,2023-06-27,131488
Gangnam-gu,2023-06-27,190542
Jung-gu,2023-06-27,86009
Gwanak-gu,2023-06-27,77199
Gangdong-gu,2023-06-27,101917
Seoul_Grand_Park,2023-06-27,9943
Geumcheon-gu,2023-06-27,86102
Gangbuk-gu,2023-06-27,94776
Songpa-gu,2023-06-27,60198
Gwangjin-gu,2023-06-27,81249
Gangseo-gu,2023-06-27,47016
Gangnam-gu,2023-06-28,198236
Yangcheon-gu,2023-06-28,136232
Dobong-gu,2023-06-28,106845
Gangbuk-gu,2023-06-28,93516
Seocho-gu,2023-06-28,65318
Jongno-gu,2023-06-28,27136
Seongdong-gu,2023-06-28,4795
Dongjak-gu,2023-06-28,167533
Gwanak-gu,2023-06-28,81221
Seoul_Grand_Park,2023-06-28,9502
Guro-gu,2023-06-28,132788
Geumcheon-gu,2023-06-28,79037
Nowon-gu,2023-06-28,74306
Gangseo-gu,2023-06-28,47196
Yongsan-gu,2023-06-28,256
Gwangjin-gu,2023-06-28,81366
Jungnang-gu,2023-06-28,41516
Eunpyeong-gu,2023-06-28,6288
Mapo-gu,2023-06-28,62669
Jung-gu,2023-06-28,85411
Songpa-gu,2023-06-28,63407
Gangdong-gu,2023-06-28,100810
Seodaemun-gu,2023-06-28,6360
Jungnang-gu,2023-06-29,39480
Seocho-gu,2023-06-29,63255
Eunpyeong-gu,2023-06-29,7412
Gangseo-gu,2023-06-29,44087
Seongdong-gu,2023-06-29,3948
Gangdong-gu,2023-06-29,94508
Dobong-gu,2023-06-29,102738
Seoul_Grand_Park,2023-06-29,4448
Dongjak-gu,2023-06-29,158746
Seodaemun-gu,2023-06-29,6962
Guro-gu,2023-06-29,124610
Jongno-gu,2023-06-29,20041
Yongsan-gu,2023-06-29,684
Songpa-gu,2023-06-29,58582
Yangcheon-gu,2023-06-29,119456
Jung-gu,2023-06-29,85621
Gwangjin-gu,2023-06-29,77014
Gangbuk-gu,2023-06-29,90306
Nowon-gu,2023-06-29,69174
Gangnam-gu,2023-06-29,193811
Mapo-gu,2023-06-29,57718
Geumcheon-gu,2023-06-29,74193
Gwanak-gu,2023-06-29,80536
Geumcheon-gu,2023-06-30,79692.0
Gangbuk-gu,2023-06-30,97295.0
Guro-gu,2023-06-30,135457.0
Jungnang-gu,2023-06-30,40893.0
Seoul_Grand_Park,2023-06-30,8942.0
Nowon-gu,2023-06-30,73913.0
Mapo-gu,2023-06-30,66716.0
Dongjak-gu,2023-06-30,169865.0
Jongno-gu,2023-06-30,26571.0
Gangnam-gu,2023-06-30,210722.0
Gwangjin-gu,2023-06-30,83982.0
Yangcheon-gu,2023-06-30,145984.0
Jung-gu,2023-06-30,95147.0
Songpa-gu,2023-06-30,65951.0
Gangdong-gu,2023-06-30,102929.0
Yongsan-gu,2023-06-30,536.0
Gangseo-gu,2023-06-30,49495.0
Eunpyeong-gu,2023-06-30,6637.0
Seodaemun-gu,2023-06-30,6732.0
Seongdong-gu,2023-06-30,5499.0
Gwanak-gu,2023-06-30,79367.0
Dobong-gu,2023-06-30,110636.0
Seocho-gu,2023-06-30,75023.0
Dobong-gu,2023-07-01,115315.0
Nowon-gu,2023-07-01,74893.0
Dongjak-gu,2023-07-01,169578.0
Seocho-gu,2023-07-01,62672.0
Mapo-gu,2023-07-01,69934.0
Jungnang-gu,2023-07-01,41394.0
Jung-gu,2023-07-01,94407.0
Seodaemun-gu,2023-07-01,6038.0
Yongsan-gu,2023-07-01,58.0
Jongno-gu,2023-07-01,31751.0
Gwangjin-gu,2023-07-01,84598.0
Seongdong-gu,2023-07-01,5672.0
Gwanak-gu,2023-07-01,87469.0
Geumcheon-gu,2023-07-01,78451.0
Seoul_Grand_Park,2023-07-01,19854.0
Gangseo-gu,2023-07-01,43529.0
Guro-gu,2023-07-01,137883.0
Gangnam-gu,2023-07-01,202121.0
Songpa-gu,2023-07-01,67356.0
Yangcheon-gu,2023-07-01,142046.0
Eunpyeong-gu,2023-07-01,5917.0
Gangdong-gu,2023-07-01,101613.0
Gangbuk-gu,2023-07-01,96266.0
Gangseo-gu,2023-07-02,37611.0
Dongjak-gu,2023-07-02,158059.0
Seocho-gu,2023-07-02,41034.0
Mapo-gu,2023-07-02,63594.0
Yangcheon-gu,2023-07-02,126271.0
Jungnang-gu,2023-07-02,38543.0
Jung-gu,2023-07-02,81956.0
Eunpyeong-gu,2023-07-02,4410.0
Seodaemun-gu,2023-07-02,5334.0
Gangbuk-gu,2023-07-02,86246.0
Gangnam-gu,2023-07-02,172811.0
Gwangjin-gu,2023-07-02,75441.0
Gangdong-gu,2023-07-02,91068.0
Seongdong-gu,2023-07-02,6044.0
Gwanak-gu,2023-07-02,77476.0
Songpa-gu,2023-07-02,63178.0
Guro-gu,2023-07-02,124763.0
Dobong-gu,2023-07-02,102641.0
Geumcheon-gu,2023-07-02,67371.0
Nowon-gu,2023-07-02,70257.0
Seoul_Grand_Park,2023-07-02,18090.0
Jongno-gu,2023-07-02,28642.0
Yongsan-gu,2023-07-02,51.0
